{
	"class_name" : "PinholeCameraParameters",
	"extrinsic" : 
	[
		0.99867811528970274,
		0.041052908896088307,
		-0.030930255617710303,
		0.0,
		0.042697435504876591,
		-0.32755056615009109,
		0.94386839952191526,
		0.0,
		0.028617320676721826,
		-0.9439413569104409,
		-0.32887043599472632,
		0.0,
		-0.0,
		-3.5527136788005009e-15,
		78.229017974784014,
		1.0
	],
	"intrinsic" : 
	{
		"height" : 1080,
		"intrinsic_matrix" : 
		[
			935.30743608719376,
			0.0,
			0.0,
			0.0,
			935.30743608719376,
			0.0,
			959.5,
			539.5,
			1.0
		],
		"width" : 1920
	},
	"version_major" : 1,
	"version_minor" : 0
}